insert into account(account_id,username,password,administrator,fullname,email,phone,balance,enabled,member_since,date_creation,user_creation_id)
values
('ACCOUNT-01','Aziz','$2a$10$qm7dvU0RgtBRs9FiB3aAfePpgaGAy4mpnf3IpyBPqDxPJeMTVasgy',true,'Kholishul Aziz','kholishul.aziz@gmail.com','6285730323302',1000000,true,CURRENT_TIMESTAMP,CURRENT_TIMESTAMP,'SYS');

insert into app(app_id,info1,info2,info3,status)
values
('APP-01','Theater Print Online','Nge-Print jadi mudah','Lorem ipsum dolor sit amet, consectetur adipiscing elit, sed do eiusmod tempor incididunt ut labore et dolore magna aliqua.',1),
('APP-02','Theater Print #2','Dummy Info 02 Theater 02','Lorem ipsum',0);

insert into transaction(transaction_id,account_id,app_id,file_id,date_in,date_print_start,date_print_complete,date_out,cost_estimation,cost,status,date_creation,user_creation_id)
values
('TRX-01','ACCOUNT-01','APP-01','FILE-01',CURRENT_TIMESTAMP,CURRENT_TIMESTAMP,CURRENT_TIMESTAMP,CURRENT_TIMESTAMP,1000,1000,3,CURRENT_TIMESTAMP,'SYS'),
('TRX-02','ACCOUNT-01','APP-02','FILE-02',CURRENT_TIMESTAMP,CURRENT_TIMESTAMP,NULL,NULL,4000,4000,1,CURRENT_TIMESTAMP,'SYS'),
('TRX-03','ACCOUNT-01','APP-01','FILE-03',CURRENT_TIMESTAMP,CURRENT_TIMESTAMP,CURRENT_TIMESTAMP,CURRENT_TIMESTAMP,2000,2500,3,CURRENT_TIMESTAMP,'SYS'),
('TRX-04','ACCOUNT-01','APP-01','FILE-04',CURRENT_TIMESTAMP,CURRENT_TIMESTAMP,CURRENT_TIMESTAMP,NULL,1000,1000,2,CURRENT_TIMESTAMP,'SYS'),
('TRX-05','ACCOUNT-01','APP-01','FILE-05',CURRENT_TIMESTAMP,CURRENT_TIMESTAMP,NULL,NULL,3000,3000,1,CURRENT_TIMESTAMP,'SYS'),
('TRX-06','ACCOUNT-01','APP-01','FILE-06',CURRENT_TIMESTAMP,CURRENT_TIMESTAMP,NULL,NULL,4000,4000,1,CURRENT_TIMESTAMP,'SYS'),
('TRX-07','ACCOUNT-01','APP-01','FILE-07',CURRENT_TIMESTAMP,NULL,NULL,NULL,5000,5000,0,CURRENT_TIMESTAMP,'SYS'),
('TRX-08','ACCOUNT-01','APP-01','FILE-08',CURRENT_TIMESTAMP,NULL,NULL,NULL,6000,6000,0,CURRENT_TIMESTAMP,'SYS'),
('TRX-09','ACCOUNT-01','APP-01','FILE-09',CURRENT_TIMESTAMP,NULL,NULL,CURRENT_TIMESTAMP,7000,0,4,CURRENT_TIMESTAMP,'SYS'),
('TRX-10','ACCOUNT-01','APP-01','FILE-10',CURRENT_TIMESTAMP,CURRENT_TIMESTAMP,NULL,NULL,100000,100000,1,CURRENT_TIMESTAMP,'SYS'),
('TRX-11','ACCOUNT-01','APP-01','FILE-11',CURRENT_TIMESTAMP,CURRENT_TIMESTAMP,NULL,NULL,4000,4000,1,CURRENT_TIMESTAMP,'SYS'),
('TRX-12','ACCOUNT-01','APP-02','FILE-12',CURRENT_TIMESTAMP,CURRENT_TIMESTAMP,CURRENT_TIMESTAMP,CURRENT_TIMESTAMP,2000,2500,3,CURRENT_TIMESTAMP,'SYS'),
('TRX-13','ACCOUNT-01','APP-01','FILE-13',CURRENT_TIMESTAMP,CURRENT_TIMESTAMP,CURRENT_TIMESTAMP,NULL,1000,1000,2,CURRENT_TIMESTAMP,'SYS'),
('TRX-14','ACCOUNT-01','APP-01','FILE-14',CURRENT_TIMESTAMP,CURRENT_TIMESTAMP,NULL,NULL,30000,30000,1,CURRENT_TIMESTAMP,'SYS'),
('TRX-15','ACCOUNT-01','APP-01','FILE-15',CURRENT_TIMESTAMP,CURRENT_TIMESTAMP,NULL,NULL,41000,44000,1,CURRENT_TIMESTAMP,'SYS');

insert into file(file_id,name,type,date_creation,user_creation_id)
values
('FILE-01','FILE01','PDF',CURRENT_TIMESTAMP,'SYS'),
('FILE-02','FILE01','DOC',CURRENT_TIMESTAMP,'SYS'),
('FILE-03','FILE01','DOC',CURRENT_TIMESTAMP,'SYS'),
('FILE-04','FILE01','PDF',CURRENT_TIMESTAMP,'SYS'),
('FILE-05','FILE01','DOC',CURRENT_TIMESTAMP,'SYS'),
('FILE-06','FILE01','DOC',CURRENT_TIMESTAMP,'SYS'),
('FILE-07','FILE01','PDF',CURRENT_TIMESTAMP,'SYS'),
('FILE-08','FILE01','DOC',CURRENT_TIMESTAMP,'SYS'),
('FILE-09','FILE01','DOC',CURRENT_TIMESTAMP,'SYS'),
('FILE-10','FILE01','PDF',CURRENT_TIMESTAMP,'SYS'),
('FILE-11','FILE01','DOC',CURRENT_TIMESTAMP,'SYS'),
('FILE-12','FILE01','DOC',CURRENT_TIMESTAMP,'SYS'),
('FILE-13','FILE01','PDF',CURRENT_TIMESTAMP,'SYS'),
('FILE-14','FILE01','DOC',CURRENT_TIMESTAMP,'SYS'),
('FILE-15','FILE01','DOC',CURRENT_TIMESTAMP,'SYS');
